Area_Code,Area_Name,Pneumonia_Rate_per_100k,IMD_Score,Child_Poverty_Pct,Fuel_Poverty_Pct,Free_School_Meals_Pct,Pop_0_4_Years_Pct,Population_Density,Ethnic_Minority_Pct,Overcrowded_HH_Pct,Infant_Mortality_Rate,Birth_Rate_per_1000,Emergency_Admissions_U18,Respiratory_Admissions_0_4,Emergency_Admissions_0_4
E07000223,Adur,592.0,17.594,15.3,9.6928,38.3885,113.7472,1538.6535,11.0743,25.9582,4.6022,48.3979,55.7933,178.7455,118.622
E07000032,Amber Valley,405.2,17.97,21.3,11.9421,37.0587,84.5166,478.3004,4.9622,29.5292,3.9514,50.2835,39.9264,126.7748,86.2069
E07000224,Arun,681.4,18.638,17.4,9.5172,34.6806,154.4076,752.8828,11.3493,28.7496,2.6745,47.68,73.9378,224.5929,167.7428
E07000170,Ashfield,748.9,26.308,28.2,12.2714,34.9825,74.14,1160.1242,8.1766,42.6959,5.3262,50.7292,70.8034,229.8339,174.2289
E07000105,Ashford,911.8,18.546,17.1,9.8611,34.1475,118.0483,233.7875,17.3845,30.6519,5.9425,53.2958,74.182,282.0042,180.3515
E07000200,Babergh,727.2,14.267,17.2,11.4109,36.226,84.7047,158.8059,6.4153,14.5202,1.8365,48.3959,69.7568,229.9129,166.9894
E09000002,Barking and Dagenham,329.0,32.768,25.8,12.7558,43.6754,63.7238,6098.1856,69.1372,52.3703,4.139,64.5608,58.6718,104.2753,112.6752
E09000003,Barnet,287.5,16.148,13.1,9.3247,48.5394,72.3649,4500.2986,63.8425,16.652,3.4132,54.0256,42.3453,117.8514,81.6689
E08000016,Barnsley,946.2,29.933,30.6,15.7656,37.155,108.4112,748.963,7.3941,43.9503,3.6815,53.3,89.0356,310.2804,216.0748
E07000066,Basildon,427.4,23.243,19.3,7.5459,33.0845,45.3085,1716.4015,17.8746,33.2931,3.8748,58.5987,38.8042,127.6876,74.5531
E07000084,Basingstoke and Deane,765.6,12.823,11.7,7.6601,33.7756,69.7934,296.4146,18.1352,24.0253,4.2977,53.1498,70.5833,260.5621,148.8926
E07000171,Bassetlaw,826.9,22.588,27.3,12.9016,38.0855,65.2422,188.1024,8.0385,38.3521,2.7182,55.1623,92.4697,260.9688,244.6583
E06000022,Bath and North East Somerset,852.2,11.745,11.6,10.4454,39.6205,96.0561,566.6376,14.4408,16.8072,2.98,37.9291,76.5369,271.2171,172.9009
E06000055,Bedford,662.6,18.932,19.5,9.4579,35.9844,125.3021,393.5733,35.8731,34.5261,4.6964,55.4277,79.1734,228.2288,178.5554
E09000004,Bexley,837.9,16.273,13.6,8.497,41.3277,70.22,4091.9016,35.5532,28.4261,4.5073,51.0058,80.8504,264.161,201.9662
E08000025,Birmingham,540.3,38.067,41.7,19.3067,42.6021,106.5984,4310.185,57.0966,49.2796,8.6719,53.5614,82.9243,180.3457,165.3951
E07000129,Blaby,324.4,10.629,15.2,8.0885,28.9257,44.2713,799.3074,17.6576,18.3148,3.319,52.3775,29.7123,97.3968,59.3235
E06000008,Blackburn with Darwen,522.3,36.013,41.6,14.5785,41.0993,104.7277,1137.2945,43.1287,60.7924,6.3559,57.5413,63.5058,159.5851,133.1538
E06000009,Blackpool,884.1,45.039,35.6,17.0849,30.7259,99.5751,4058.6005,9.6301,77.8555,7.7574,55.2034,122.4575,292.0871,260.8869
E07000033,Bolsover,566.4,25.047,27.6,13.7829,37.3303,70.4556,508.5801,6.7579,38.0232,3.7927,52.0813,83.6089,176.139,194.9272
E08000001,Bolton,1025.0,30.691,37.5,12.3611,38.543,106.0333,2139.7967,31.245,46.6613,7.2614,57.4697,92.101,376.4182,210.4761
E07000136,Boston,657.1,22.967,31.3,12.3521,36.0631,77.9828,194.5873,25.4784,41.1963,4.5455,52.8026,96.4947,207.9543,209.254
E06000058,"Bournemouth, Christchurch and Poole",407.5,18.173,16.4,9.2296,39.1728,118.2293,2483.8175,17.6367,31.1116,3.1082,39.4673,85.8854,195.2158,190.2667
E06000036,Bracknell Forest,371.7,10.241,9.9,6.503,38.7436,69.0417,1161.3014,22.1977,21.9713,2.2333,49.6317,45.9036,117.3709,90.4446
E08000032,Bradford,862.5,34.666,44.2,15.9423,36.7034,139.4739,1509.3213,43.2818,47.2726,7.1768,59.5799,101.1076,301.2636,225.3898
E07000067,Braintree,362.9,14.723,15.8,10.0504,35.2192,81.1312,257.6431,9.6499,28.5022,4.1859,53.4977,52.3798,168.0575,110.6861
E07000143,Breckland,353.6,19.614,22.0,11.2611,37.8129,83.5105,109.9204,11.2729,22.7247,4.1574,51.5428,42.2703,129.0616,83.5105
E09000005,Brent,140.4,25.558,20.0,10.9947,46.0443,115.1245,7891.2152,84.812,25.4875,3.1007,52.6564,70.3882,194.2726,127.1166
E06000043,Brighton and Hove,670.9,20.761,14.3,12.0956,36.2939,117.0855,3360.6172,26.0807,33.7162,3.5177,30.8127,61.2866,193.6414,129.6947
E06000023,"Bristol, City of",591.0,26.363,23.0,10.2934,36.9008,109.0909,4364.4169,28.3653,37.5039,3.9865,38.2746,65.6261,187.8788,128.8889
E07000144,Broadland,196.2,11.817,14.3,9.3987,36.9556,25.4539,242.5205,6.426,22.4206,4.5455,48.9669,26.16,93.3311,50.9079
E09000006,Bromley,369.8,14.163,9.8,8.1837,40.3296,37.2777,2195.6403,33.4878,20.3858,2.6543,53.0535,33.0493,109.1703,66.301
E07000234,Bromsgrove,515.5,11.697,12.6,11.9019,32.5524,69.5963,461.6089,9.5809,21.5273,4.042,47.7234,46.7,159.0774,103.4003
E07000095,Broxbourne,349.0,17.989,14.0,7.5097,39.7788,50.0501,1924.725,31.4281,24.1737,2.7231,56.4574,39.0019,108.4418,80.9142
E07000172,Broxtowe,703.8,14.238,19.1,10.8555,35.4759,49.4364,1403.2116,15.5176,24.1998,3.9942,43.7156,58.4397,227.4076,138.422
E07000117,Burnley,491.4,37.793,40.0,16.1647,33.5157,124.5109,864.0875,22.0822,57.5103,5.3009,55.4963,61.4578,168.979,128.9577
E08000002,Bury,478.5,23.682,28.9,11.19,37.9015,81.8182,1955.989,21.8307,33.9436,5.2092,55.4836,46.7417,159.0909,95.9091
E08000033,Calderdale,822.9,26.351,30.5,15.1462,41.5024,146.9508,570.6168,17.252,40.582,3.2512,52.1093,75.7694,284.7171,168.9934
E07000008,Cambridge,428.1,14.855,13.5,9.2359,42.0386,79.4786,3631.7869,47.0062,23.4331,4.5032,27.9171,35.2777,119.2179,73.9151
E09000007,Camden,424.3,20.131,19.9,8.6339,46.463,80.5315,9972.6099,64.6191,26.5549,4.1261,32.3008,57.5884,181.1959,108.7175
E07000192,Cannock Chase,724.2,20.426,24.4,14.6518,35.2516,64.2084,1282.2304,5.4756,36.6713,4.0664,53.8686,77.1426,247.661,170.6109
E07000106,Canterbury,486.4,16.798,17.7,11.9805,34.4256,78.8531,512.6403,17.4933,30.5793,3.5259,37.512,52.1766,157.7061,114.6953
E07000069,Castle Point,388.5,16.842,15.7,8.5135,35.7123,58.1801,2008.8687,7.3436,26.8408,2.1124,51.4806,33.1508,116.3603,67.4889
E06000056,Central Bedfordshire,775.6,12.152,12.5,8.2874,33.7536,100.391,421.7332,16.4736,25.777,3.569,61.078,87.0588,280.038,199.9894
E07000130,Charnwood,341.8,13.238,18.0,9.7903,35.5587,45.7404,663.8971,22.0828,23.2114,5.3135,40.9414,28.0612,102.916,60.6061
E07000070,Chelmsford,207.5,12.221,11.7,7.5292,35.0921,70.9939,541.4327,16.9522,21.1958,3.3315,48.7394,40.3646,116.6329,89.2495
E07000078,Cheltenham,584.6,14.26,16.7,8.9795,35.6179,104.8218,2565.409,16.7428,25.6727,2.2523,42.4003,75.2828,183.4382,187.8057
E07000177,Cherwell,856.8,14.41,12.9,8.9702,36.3811,118.2884,278.8681,22.1093,22.683,2.4372,53.3571,77.9591,267.4347,169.7182
E06000049,Cheshire East,839.6,14.475,15.2,9.7245,35.7938,104.9395,348.5898,10.3906,30.6478,2.8508,50.1963,87.8923,283.0925,208.6587
E06000050,Cheshire West and Chester,969.9,18.083,17.8,10.1477,37.0325,114.1292,393.2708,8.8275,32.833,3.3141,46.9881,98.8982,328.1214,232.2529
E07000034,Chesterfield,329.7,24.926,25.6,12.6727,37.7567,102.1659,1576.4854,6.9217,39.8073,3.2468,50.9706,103.3611,122.5991,249.2848
E07000225,Chichester,696.8,14.085,14.0,11.4532,32.0205,136.9863,160.5195,9.8762,21.8957,4.6018,44.8737,82.5193,210.0457,187.2146
E07000118,Chorley,1058.7,16.863,16.9,9.7022,38.2063,123.7624,585.0299,7.0355,38.9203,4.6558,46.6469,99.5014,353.6068,243.9887
E07000071,Colchester,1068.2,16.778,16.2,9.1025,37.5613,75.0117,593.0498,19.3134,32.2937,3.0447,49.4488,102.8244,342.241,252.2269
E07000079,Cotswold,601.0,11.061,12.1,11.6536,41.946,76.0071,78.4529,8.0104,17.6216,4.5023,48.1002,65.271,190.0177,144.4135
E06000047,County Durham,681.7,26.793,28.8,11.4026,39.3476,125.0052,237.0718,5.2545,42.1254,4.6512,45.1992,71.967,227.0928,160.4234
E08000026,Coventry,521.7,25.613,28.4,18.8785,39.6684,115.3828,3577.4394,44.7224,52.223,6.132,50.3543,68.266,168.4589,138.2286
E07000226,Crawley,257.7,18.94,20.6,7.7239,36.788,108.2527,2661.6976,38.2422,31.0464,3.4803,55.0596,77.6591,184.6663,172.5675
E09000008,Croydon,234.4,22.477,18.0,10.2145,42.0063,51.4587,4537.8524,62.5641,24.6421,2.5651,56.4806,36.0701,83.1255,61.5525
E07000096,Dacorum,608.3,13.004,12.3,8.2007,38.3815,80.6452,734.9468,21.2665,24.0605,3.1465,56.2342,60.4799,204.3011,127.4194
E06000005,Darlington,1492.6,25.657,28.0,10.8276,37.0876,252.1614,554.0597,9.7242,43.7039,4.7954,51.9247,163.982,486.3112,384.5461
E07000107,Dartford,1006.7,18.812,14.9,8.6239,40.2426,119.5457,1633.5718,32.7187,29.966,4.2194,56.958,102.3818,346.6826,263.5983
E06000015,Derby,231.3,26.323,31.9,12.7923,34.0061,55.0304,3378.4139,33.7772,35.6794,5.265,52.4561,32.7184,90.6384,60.5335
E07000035,Derbyshire Dales,506.4,11.895,14.8,13.7535,39.0217,38.9864,90.5469,4.4926,14.4733,3.1471,45.5115,55.8517,155.9454,120.8577
E08000017,Doncaster,1070.5,30.289,34.0,16.1247,36.5105,100.1259,547.4799,13.3788,45.9592,5.0427,56.3451,123.1958,346.1494,315.2535
E06000059,Dorset,773.0,15.735,17.2,9.8807,37.3486,135.9804,153.9096,6.1363,20.8437,3.7027,44.5421,87.0164,265.1618,208.7299
E07000108,Dover,545.0,22.161,23.2,12.9239,36.1801,97.4832,372.7725,9.6908,36.7576,2.869,50.2819,52.3639,177.2421,120.5246
E08000027,Dudley,464.1,24.103,29.7,15.8435,36.8907,63.8392,3317.0813,17.5968,33.3222,4.2448,55.4771,48.2361,158.2103,96.0364
E09000009,Ealing,54.7,22.71,16.8,9.9931,44.8886,78.1322,6665.8442,75.685,23.0438,2.5172,51.212,55.8388,156.2644,108.9255
E07000009,East Cambridgeshire,477.0,11.507,12.4,10.0733,35.1069,75.2041,137.325,13.5174,18.8195,3.2064,51.1096,41.1089,150.4083,90.245
E07000040,East Devon,1324.7,12.764,15.8,10.2931,42.8806,121.71,189.5947,5.837,16.4012,3.3023,49.9516,97.3152,403.1645,238.8559
E07000085,East Hampshire,678.9,10.284,11.2,8.7275,39.26,92.3749,247.4238,9.4947,15.0615,2.672,48.1471,65.0635,193.1475,140.2419
E07000242,East Hertfordshire,332.5,8.188,8.5,7.8141,40.6379,60.4814,318.9542,15.2637,19.2159,1.3175,53.6787,38.1213,120.9629,88.3029
E07000137,East Lindsey,582.7,29.892,30.2,14.2712,35.3468,117.1382,81.7303,4.3993,36.7722,4.1812,47.4805,86.2758,198.2339,203.6403
E06000011,East Riding of Yorkshire,707.3,15.605,20.3,13.0249,40.1913,95.524,144.0819,5.3709,25.619,3.1234,48.547,69.6845,228.5753,172.6255
E07000193,East Staffordshire,675.8,19.028,27.0,15.9278,35.1296,110.5278,324.8073,21.7658,32.1818,4.8656,56.7022,81.8337,234.8715,207.9304
E07000244,East Suffolk,695.0,19.56,22.4,11.7947,36.2213,84.1168,195.9437,6.9092,23.6608,3.4312,48.0391,72.2507,237.5062,171.2024
E07000061,Eastbourne,693.5,22.11,20.3,11.4605,37.7761,121.1187,2317.9571,17.9124,28.693,3.3278,43.3211,71.7037,242.2374,160.7575
E07000086,Eastleigh,605.6,10.192,11.3,7.1127,41.6755,79.9041,1744.9617,11.8764,23.9897,2.2483,50.3589,58.7162,199.7603,131.1759
E07000207,Elmbridge,666.4,7.944,6.4,7.7848,42.08,75.4717,1475.8761,25.8659,15.4258,2.271,52.889,54.0188,213.8365,137.7358
E09000010,Enfield,396.2,25.781,18.0,11.1043,43.5853,66.7029,4050.818,68.745,22.7441,2.9578,53.0629,49.2908,145.7582,107.9599
E07000072,Epping Forest,399.2,15.068,13.3,8.4967,41.5611,62.4376,398.2738,24.4259,16.4059,1.4035,58.2693,43.1624,124.8751,85.5395
E07000208,Epsom and Ewell,605.4,8.833,7.1,8.1769,40.3209,56.3317,2387.4215,30.6625,21.3817,4.0161,48.2709,46.5092,180.2614,118.2965
E07000036,Erewash,512.2,18.818,20.8,11.6757,33.0707,65.901,1031.4113,7.5377,31.9586,5.1335,46.0027,45.0327,178.874,106.383
E07000041,Exeter,1274.7,16.215,17.6,9.7171,35.2145,121.7815,2867.2455,17.2936,31.6078,2.5047,30.9245,104.4527,452.3312,248.7822
E07000087,Fareham,395.2,9.019,10.4,7.1551,34.3086,41.8148,1542.7293,7.2449,21.2194,1.634,45.0662,54.194,125.4443,121.2628
E07000010,Fenland,648.6,25.426,26.1,10.4226,37.3186,93.9144,188.4932,14.0863,41.3704,4.9245,55.8089,89.1196,206.6116,196.281
E07000112,Folkestone and Hythe,667.4,24.149,22.4,12.7791,38.5051,89.8024,309.1842,12.0007,40.4853,3.2177,49.9083,61.0665,219.5171,144.6817
E07000080,Forest of Dean,756.7,18.013,21.5,12.2985,37.8606,87.5219,167.2085,5.2828,24.8181,4.0377,49.9965,79.9778,250.0625,210.0525
E07000119,Fylde,1208.4,15.875,19.0,10.9222,36.0402,107.329,500.9208,6.8504,33.2158,1.7055,47.8859,107.0116,398.6507,257.5897
E08000037,Gateshead,540.3,28.217,27.6,10.0401,39.0491,101.0203,1390.428,9.692,43.8075,3.6383,48.7956,62.4623,166.6835,121.2244
E07000173,Gedling,738.7,14.894,19.5,10.2655,38.9446,43.8674,980.8754,14.4114,27.7505,5.1135,51.2542,60.1002,236.8837,144.7622
E07000081,Gloucester,770.3,21.807,22.9,8.7381,38.5761,95.0183,3294.0764,21.9796,37.9001,3.7497,52.4372,98.8284,257.9069,223.2931
E07000088,Gosport,459.9,20.541,19.7,9.6767,30.8004,61.5309,3242.635,7.5464,30.2439,3.6199,49.1894,64.1376,159.9803,143.9823
E07000109,Gravesham,983.3,21.414,19.8,11.3668,36.7642,111.0289,1079.6062,31.6832,30.9455,3.0793,59.6659,102.9757,318.2828,266.4693
E07000145,Great Yarmouth,812.2,33.097,31.7,13.0755,42.5726,104.4059,572.728,11.1118,38.8512,4.2669,52.4446,82.0268,292.3366,180.6223
E09000011,Greenwich,558.4,24.464,20.8,9.2514,41.6717,75.5043,6168.0258,58.6029,31.1171,3.4981,49.6221,85.1718,188.7607,197.1201
E07000209,Guildford,809.4,9.395,9.1,9.3901,39.1379,135.0583,540.274,22.677,22.2515,4.0858,42.3095,77.2658,270.1166,157.8049
E06000006,Halton,784.8,32.325,25.2,10.6586,36.7982,133.2741,1631.0471,6.3608,51.664,3.3679,48.3587,79.7225,266.5482,177.6988
E09000013,Hammersmith and Fulham,,22.27,13.8,8.1805,46.9594,64.9561,11304.2419,61.7233,29.392,4.5203,35.7523,44.5137,135.3253,77.9474
E07000131,Harborough,383.1,8.015,11.7,8.7403,40.0559,60.8273,169.9024,12.432,18.3382,2.2363,54.1121,33.6766,121.6545,78.0616
E09000014,Haringey,476.0,27.956,19.8,11.4311,44.174,83.545,8868.5399,68.0976,29.4185,2.7074,47.6761,56.676,170.4318,118.9681
E07000073,Harlow,401.0,21.413,21.1,8.2075,37.7119,61.1714,3092.6917,27.1375,42.7352,2.9706,57.5046,44.4407,114.6964,89.4632
E09000015,Harrow,131.1,15.031,16.1,10.0935,43.9171,83.2511,5189.8649,79.4924,19.2003,4.4951,54.0294,61.2197,144.9186,111.9265
E07000089,Hart,565.6,5.544,7.3,6.969,41.1528,78.4775,468.7799,13.0698,12.7079,2.6748,50.5388,39.3336,166.7648,88.2872
E06000001,Hartlepool,822.7,35.037,30.6,10.6008,38.5321,79.952,1001.5753,4.9537,49.0825,5.1813,52.5217,101.8759,289.8261,234.8591
E07000062,Hastings,1083.9,34.281,27.0,14.9232,30.984,170.5757,3041.3202,14.9206,59.8356,3.5885,51.2413,112.8027,383.7953,229.2111
E07000090,Havant,572.1,21.806,21.2,8.9608,33.861,73.0875,2239.7507,6.8235,33.2135,3.8507,53.9938,68.023,203.021,151.8597
E09000016,Havering,456.3,16.789,14.5,8.3674,40.5962,66.1813,2355.6987,33.5132,33.2947,2.9762,56.5685,63.2189,138.3792,124.5412
E06000019,"Herefordshire, County of",809.8,18.89,21.3,18.3234,37.1551,115.4033,86.5684,8.8834,27.5119,2.8723,51.4883,100.5815,261.1759,230.1992
E07000098,Hertsmere,538.9,13.938,11.6,8.0311,36.2064,64.257,1070.691,36.9099,21.038,2.4852,51.2796,47.1219,192.7711,96.3855
E07000037,High Peak,921.5,15.642,17.9,12.2006,37.8706,121.773,168.9854,5.2268,28.1948,4.5579,48.4204,80.2092,280.0779,186.3127
E09000017,Hillingdon,188.5,18.223,16.5,9.0706,42.0129,84.078,2687.0677,62.9368,25.9589,3.5561,58.0003,64.627,165.7538,123.2344
E07000132,Hinckley and Bosworth,454.5,13.461,17.7,9.4179,39.4268,62.6679,384.4466,9.1545,23.1597,6.2112,52.6396,36.6667,143.2408,76.9919
E07000227,Horsham,466.4,9.89,9.8,8.6092,35.5476,82.9073,280.5493,11.8726,17.8373,1.8692,51.3106,55.0751,200.3593,131.9608
E09000018,Hounslow,44.6,21.487,16.8,9.1747,46.4144,77.0416,5201.8957,71.5692,23.7103,4.8077,54.51,48.6812,145.8287,94.6511
E07000011,Huntingdonshire,817.4,12.55,13.7,8.4203,34.427,101.7087,203.1566,14.7904,23.2375,2.7174,51.3928,86.7541,228.8446,205.9601
E07000120,Hyndburn,586.4,34.333,40.2,15.1907,35.7898,111.3811,1140.0315,20.3899,60.0603,4.2418,56.8732,66.0966,202.5111,142.7704
E07000202,Ipswich,801.3,25.89,29.3,11.4721,36.6019,106.0512,3525.5632,25.372,32.1335,4.7319,52.5419,89.521,280.7236,209.607
E06000046,Isle of Wight,750.9,23.294,24.7,12.912,35.5047,167.5666,370.8413,6.2368,32.9477,2.1368,45.2153,94.5047,232.7313,224.353
E09000019,Islington,402.2,27.535,21.1,7.6568,46.8959,83.3488,14777.1258,60.2513,31.8922,2.1478,33.9817,53.5674,143.5451,100.4816
E09000020,Kensington and Chelsea,50.3,21.526,10.1,9.2602,50.3808,91.8133,12065.109,67.2984,22.4536,1.7426,37.8687,47.752,99.4644,83.3971
E07000146,King's Lynn and West Norfolk,641.1,23.72,22.9,12.5851,34.881,96.7787,108.1747,11.2463,31.5795,5.4574,51.2062,84.8805,186.6445,183.1882
E06000010,"Kingston upon Hull, City of",658.3,40.564,38.2,17.8944,38.6384,108.2385,3753.3632,16.1219,58.8085,3.9819,54.8458,75.1535,228.8471,167.9243
E09000021,Kingston upon Thames,803.5,11.381,9.3,8.41,45.5858,99.6126,4539.4797,46.277,19.7289,3.0248,42.3943,76.1331,254.5656,186.497
E08000034,Kirklees,687.1,25.151,33.7,15.0017,38.5801,116.8884,1071.4554,29.4635,41.0705,6.598,50.7802,68.9788,223.7001,161.4268
E08000011,Knowsley,842.0,43.006,28.7,10.936,31.5191,119.7605,1816.8939,7.6502,61.6941,3.2345,57.9831,93.047,284.4311,192.6148
E09000022,Lambeth,275.2,25.422,19.7,8.0699,45.6795,51.2715,11803.5549,62.4128,35.0294,3.7242,36.3689,39.1973,119.6336,75.8819
E07000121,Lancaster,843.1,24.165,22.7,13.1807,35.2351,150.5117,254.9864,12.1535,43.2499,4.1448,43.3609,101.5577,293.4979,218.242
E08000035,Leeds,458.4,27.301,28.8,13.8176,37.8023,77.4199,1487.6991,26.6292,37.5156,5.2174,44.0794,39.9982,153.7339,81.4015
E06000016,Leicester,292.4,30.877,39.5,14.4493,38.8283,44.2635,5080.6643,66.7914,42.3929,7.9078,49.9816,28.9656,97.3796,55.3293
E07000063,Lewes,885.8,15.758,13.8,10.5611,34.6183,117.5917,344.657,11.0784,23.469,2.2492,49.4058,65.6432,258.7018,149.3415
E09000023,Lewisham,414.7,26.661,18.5,9.6245,39.4179,83.5236,8508.0237,62.8263,29.7705,3.5037,46.7432,62.656,141.9901,116.0978
E07000194,Lichfield,616.4,12.566,15.0,12.6691,41.3595,75.8438,327.0082,7.9721,19.9364,3.2108,51.1297,82.49,189.6094,193.4016
E07000138,Lincoln,532.2,26.889,29.5,13.1651,33.2904,89.3744,2885.0912,17.2701,48.6099,3.8075,35.4813,57.4044,178.7488,121.1519
E08000012,Liverpool,589.2,42.412,33.0,14.8693,37.2067,121.7424,4433.3507,22.6923,63.4741,5.0305,41.0283,82.1235,213.0493,172.1514
E06000032,Luton,888.0,25.908,34.1,12.1973,39.8251,117.6886,5243.0073,68.2447,41.8642,5.6731,67.2439,125.3177,314.817,279.8046
E07000110,Maidstone,512.4,16.503,15.7,9.2607,37.4753,82.9493,459.0776,18.0158,29.0467,4.8243,55.8684,74.9653,152.0737,158.0645
E07000074,Maldon,351.0,14.169,14.6,9.9058,39.9052,80.3084,188.8392,5.9509,27.7639,3.6036,54.3775,47.4066,160.6168,96.3701
E07000235,Malvern Hills,548.7,16.066,16.6,17.3067,36.3908,95.7854,140.4851,6.6446,25.5205,7.5145,49.8826,51.8417,191.5709,119.7318
E08000003,Manchester,477.4,40.005,40.7,13.9571,40.8611,102.6753,4900.9864,51.3404,68.2119,6.4897,42.924,48.5418,151.8438,90.8171
E07000174,Mansfield,684.5,28.503,27.6,12.3778,34.1347,92.9839,1447.8151,12.6784,44.1137,5.0235,50.3671,72.5844,228.2333,166.5258
E06000035,Medway,633.9,23.936,19.5,11.0567,37.3451,91.8696,1459.0534,21.7414,42.8408,2.9977,55.8955,79.1009,203.8356,165.6523
E07000133,Melton,310.9,12.532,17.6,11.4827,38.7241,40.6835,108.8627,7.1311,18.8014,3.1299,48.8441,34.7052,81.367,71.1961
E09000024,Merton,478.3,14.649,13.3,9.112,43.6907,76.7165,5719.7972,58.7932,20.1677,3.3775,50.5269,42.9093,145.7614,93.2106
E07000042,Mid Devon,1214.8,16.928,18.3,11.5802,39.7601,106.9233,91.805,6.2085,23.2931,4.5708,50.2667,96.6518,387.5969,249.9332
E07000203,Mid Suffolk,608.3,13.225,15.0,10.4597,37.8675,71.5746,121.3747,5.9572,15.8432,4.3924,52.5673,63.7723,204.499,147.2393
E07000228,Mid Sussex,544.1,7.747,8.2,8.2974,32.7809,69.9138,464.0678,14.1535,14.3562,3.0776,55.8765,58.5745,203.9152,133.4188
E06000002,Middlesbrough,784.0,40.46,40.4,11.9235,38.5381,131.7668,2757.6703,20.4844,51.9492,5.6312,57.994,94.2773,280.0044,210.2778
E06000042,Milton Keynes,536.1,17.98,18.1,7.201,37.5638,78.256,947.8069,37.7925,31.9041,3.2635,50.9769,70.2639,190.0503,162.1017
E07000210,Mole Valley,387.6,9.511,8.3,8.7947,29.2566,74.9625,340.086,14.2002,22.3726,2.4522,49.7502,48.7622,174.9125,124.9375
E07000091,New Forest,658.7,13.015,14.6,9.5662,40.3498,94.9044,233.8825,6.7939,24.1486,3.4542,44.2174,59.5258,204.4094,137.9763
E07000175,Newark and Sherwood,916.1,19.227,23.6,11.984,35.5054,81.2348,192.0044,8.955,26.1502,3.9865,50.4843,67.7557,276.1982,166.5313
E08000021,Newcastle upon Tyne,784.8,29.79,30.5,11.0453,35.5458,146.2898,2701.486,25.51,41.6653,4.623,39.6196,82.5483,242.7789,165.8989
E07000195,Newcastle-under-Lyme,797.7,18.929,23.3,17.0766,37.2973,102.8101,594.4515,10.023,29.1798,4.0498,44.1329,89.3165,257.0254,203.9068
E09000025,Newham,229.2,29.577,27.2,13.262,49.5588,60.3355,9858.8311,85.2381,31.2696,3.1306,57.0811,45.9463,100.5591,83.8663
E07000043,North Devon,1022.2,20.559,22.3,12.134,34.0368,104.5782,92.5082,5.7429,26.0223,3.0621,49.154,85.8758,348.594,201.0225
E07000038,North East Derbyshire,493.3,17.399,20.6,11.7881,36.8586,69.6656,376.6221,4.2589,32.4691,2.2051,50.9831,89.039,159.2357,204.0207
E06000012,North East Lincolnshire,898.2,31.335,34.5,16.237,37.7213,155.3374,819.0095,7.3897,47.3368,2.7341,51.5218,118.321,298.2478,257.8601
E07000099,North Hertfordshire,486.3,11.627,11.8,8.4999,36.3168,87.6956,357.4008,18.7074,21.5341,3.0928,50.8658,56.8498,195.6287,124.123
E07000139,North Kesteven,594.5,11.553,16.3,10.1696,41.8059,66.96,129.7522,5.7433,25.8398,3.73,45.5072,57.7706,200.88,135.8332
E06000013,North Lincolnshire,1105.3,22.096,29.6,14.3414,37.8502,137.3298,200.9172,11.2763,34.3913,6.6065,52.6168,97.0916,382.1352,223.9073
E07000147,North Norfolk,377.6,21.058,25.1,13.5027,34.5566,45.1807,106.8595,4.4613,19.4835,2.2727,44.4087,35.125,120.4819,75.3012
E06000024,North Somerset,707.2,15.825,15.0,8.8348,39.2484,80.0301,586.3948,9.6024,23.6807,2.3576,49.6673,59.3746,202.4291,128.9897
E08000022,North Tyneside,1013.4,22.279,21.6,8.5023,37.0066,187.3739,2557.3612,7.5013,32.1926,3.2567,46.6509,99.4362,273.8541,212.3571
E07000218,North Warwickshire,428.8,17.907,19.3,15.8974,34.3991,74.3605,231.99,6.8342,39.5593,2.1575,52.9948,57.8686,148.721,113.028
E07000134,North West Leicestershire,380.6,14.573,16.7,10.7798,32.0342,43.8059,385.4462,7.8989,24.7122,3.6484,49.6426,41.0378,131.4176,92.8684
E06000057,Northumberland,1003.8,22.079,23.6,10.6496,35.5094,174.2413,64.599,3.9138,28.3379,3.285,49.2521,99.5545,290.4022,223.2467
E07000148,Norwich,212.8,27.599,30.6,12.1405,37.0146,91.4634,3714.7126,22.4426,39.0479,4.3916,35.7351,28.3925,76.2195,50.3049
E06000018,Nottingham,674.5,34.891,38.8,15.1665,37.777,59.085,4388.3852,42.6564,50.4534,5.2135,39.228,67.9849,216.6451,145.4617
E07000219,Nuneaton and Bedworth,366.3,23.54,22.0,14.4136,34.2324,80.8357,1716.1852,18.1749,44.0013,4.2918,54.9871,51.2059,118.1445,93.272
E07000135,Oadby and Wigston,211.1,12.958,17.8,9.0985,37.1261,66.8896,2485.0361,40.2462,23.2852,3.0731,46.8415,29.9353,50.1672,58.5284
E08000004,Oldham,1131.8,33.155,42.9,12.7633,37.9367,153.8462,1713.8444,34.7691,46.2463,6.2178,59.8729,107.8657,396.9231,261.5385
E07000178,Oxford,1072.6,16.707,16.7,11.3916,35.3828,112.5334,3561.9328,46.5143,32.5669,3.7166,31.7007,76.1248,351.6669,166.6901
E07000122,Pendle,613.2,30.723,44.6,15.9949,35.4598,102.3716,567.9917,33.8743,43.6777,3.8992,61.5216,69.056,213.2742,154.4105
E06000031,Peterborough,696.5,27.821,32.1,9.6196,35.3249,108.688,633.8683,40.4831,33.3874,7.4016,55.108,83.9931,210.3639,191.0806
E06000026,Plymouth,874.2,26.619,23.5,11.2563,39.8979,119.8948,3344.458,10.5402,40.7198,3.2399,41.541,96.7269,309.4059,221.9988
E06000044,Portsmouth,355.8,26.899,23.4,13.2237,32.9867,71.187,5173.2214,22.278,40.5436,3.6358,44.4882,60.3919,115.6789,125.4672
E07000123,Preston,911.6,29.531,30.8,12.6164,39.2814,148.0698,1067.3608,33.9067,44.2475,4.6633,49.4896,121.5188,306.716,264.9392
E06000038,Reading,678.7,19.619,17.0,10.4316,40.1418,81.2309,4350.1787,46.5233,34.1418,3.4855,46.0201,60.6396,234.1361,129.0138
E09000026,Redbridge,364.8,17.203,19.0,10.76,46.8012,60.3276,5524.1677,76.8437,21.0753,3.0699,59.4983,50.0227,122.9755,90.4914
E06000003,Redcar and Cleveland,938.3,29.792,29.8,10.9253,37.579,135.8081,559.6965,3.476,48.3099,4.4248,52.0199,83.8162,301.7957,189.3768
E07000236,Redditch,461.4,22.524,24.2,12.5196,32.8167,60.9756,1606.0645,17.5789,34.1827,4.5198,54.2222,53.4432,182.9268,113.8211
E07000211,Reigate and Banstead,475.7,11.276,9.3,7.4893,37.4577,65.9051,1190.0379,23.133,23.9104,1.8979,52.5386,70.6223,219.6837,155.4262
E07000124,Ribble Valley,537.4,10.594,12.7,11.2946,40.8019,70.922,108.268,5.9209,25.1554,4.2313,44.1553,57.4011,159.5745,131.2057
E09000027,Richmond upon Thames,358.0,9.425,5.6,7.5328,44.3712,91.8318,3399.939,36.9624,16.0311,1.5326,45.804,56.3178,159.4973,127.5979
E08000005,Rochdale,983.6,34.415,36.7,12.7738,38.1821,135.7405,1435.6619,29.9882,47.4094,3.8234,58.3552,85.5861,325.7771,201.2352
E07000075,Rochford,379.0,10.449,11.8,7.5265,38.8846,57.4185,521.8348,6.2096,24.809,5.0251,53.0719,32.1205,126.3206,70.0505
E07000125,Rossendale,713.0,24.062,25.8,13.1344,40.6504,109.7695,515.6681,9.6023,41.707,7.3819,48.6603,59.1485,246.9813,141.3282
E07000064,Rother,966.8,19.768,19.1,12.5129,38.2642,150.933,184.9497,8.3231,30.7242,3.6554,47.7727,92.7731,288.1449,212.6784
E08000018,Rotherham,1053.8,29.55,30.0,14.4687,37.6931,124.2194,936.2363,11.7303,52.9723,3.8517,54.2061,98.888,376.0156,246.4245
E07000220,Rugby,698.7,14.119,14.2,13.4306,40.9427,115.1543,331.6853,25.0855,32.6109,7.2338,49.5341,63.6319,222.6317,142.7913
E07000212,Runnymede,388.8,12.012,10.7,8.4558,35.892,73.6532,1141.2709,27.3744,25.4331,2.9433,43.9368,50.6623,136.7845,94.697
E07000176,Rushcliffe,602.2,7.18,9.6,9.2602,44.9104,50.8044,297.5424,13.9327,14.6976,3.0519,46.2795,54.3031,177.8154,127.8577
E07000092,Rushmoor,497.9,15.903,13.1,7.9511,38.5788,55.3272,2586.8423,28.9088,37.8409,4.4297,56.0315,54.5539,173.8856,104.3313
E06000017,Rutland,439.8,8.381,12.6,11.7845,45.6094,71.0732,107.9672,8.9602,17.6815,5.0569,44.3802,48.294,177.683,152.8074
E08000006,Salford,584.8,34.21,30.3,11.2399,34.753,92.8479,2869.2441,26.0464,58.4162,4.2336,48.3904,54.911,196.9501,107.1971
E08000028,Sandwell,547.2,34.884,37.7,18.493,40.3047,95.2044,4027.0055,47.948,49.7691,7.4157,60.1923,76.5244,185.9806,158.5263
E08000014,Sefton,758.6,27.035,22.1,11.3311,36.7154,106.9243,1794.9311,8.2038,39.5117,4.3302,47.9186,80.9709,258.0931,186.9331
E07000111,Sevenoaks,731.3,12.437,12.1,9.6343,30.7535,84.2267,328.1857,14.4393,24.2099,2.3447,53.2034,68.9144,222.0521,166.1562
E08000019,Sheffield,433.9,27.06,31.2,14.3027,35.5899,65.1978,1534.7232,25.4851,36.6046,5.651,44.9132,39.1127,133.739,73.3893
E06000051,Shropshire,402.5,17.153,19.7,17.695,37.2568,99.3613,102.4235,6.7029,22.3306,3.9189,47.8396,74.5037,209.3683,184.1732
E06000039,Slough,261.1,22.965,22.4,9.8015,47.4276,59.9931,4898.7288,75.9614,42.1161,6.9045,60.6786,28.2058,81.4193,52.7083
E08000029,Solihull,572.1,17.37,15.9,11.7729,40.1938,102.0861,1221.534,22.122,29.8735,3.3933,50.3676,78.7093,190.8566,174.4341
E07000012,South Cambridgeshire,471.1,8.496,9.3,8.3983,36.4408,73.157,183.7892,20.4342,15.2103,2.742,52.1165,37.3581,146.314,78.7845
E07000039,South Derbyshire,265.8,14.494,17.0,9.9737,39.0543,48.1155,328.7126,9.8615,23.9435,3.6995,52.6584,42.7632,96.231,93.8252
E06000025,South Gloucestershire,673.3,11.66,12.7,7.4033,36.6929,106.6433,594.1222,14.2117,22.5918,2.8736,49.2478,60.7598,213.2865,133.6177
E07000044,South Hams,790.8,13.724,15.4,11.4318,42.5084,85.0823,101.3007,5.7991,16.4172,5.2174,44.7314,72.9264,241.0664,171.5825
E07000140,South Holland,618.1,17.896,24.2,11.2538,38.1022,94.162,129.2723,15.6386,30.8731,4.1068,49.7519,79.2393,188.3239,188.3239
E07000141,South Kesteven,696.7,13.499,18.7,10.4916,40.643,104.4776,153.0117,9.5346,23.9958,3.8656,44.581,63.584,216.4179,154.4776
E07000149,South Norfolk,196.3,13.318,14.0,10.6314,42.2562,50.5853,159.3428,8.216,19.9769,5.889,49.196,25.9933,65.0383,42.6362
E07000179,South Oxfordshire,949.6,8.459,8.9,9.323,35.9194,82.6972,223.7841,14.2167,18.3031,1.4124,54.0909,62.1902,318.0662,146.9466
E07000126,South Ribble,1075.9,15.33,18.0,8.6959,38.0474,140.2393,991.6821,7.1532,27.7721,1.7159,48.1532,111.131,345.9237,277.6739
E07000196,South Staffordshire,652.1,13.124,18.3,13.224,37.0711,51.1561,273.8181,7.8259,25.3711,4.6261,47.1265,65.3823,225.087,142.214
E08000023,South Tyneside,709.4,31.509,29.8,10.2081,37.0919,112.7321,2307.1119,7.0041,50.3983,5.6331,51.8285,74.0962,232.0955,156.4987
E06000045,Southampton,596.8,26.876,24.8,11.7062,35.6169,90.7507,5055.2639,31.9132,47.2675,3.098,40.3513,63.9231,192.3915,132.133
E06000033,Southend-on-Sea,303.5,22.375,19.6,10.8874,40.9122,55.6061,4340.3792,18.3961,36.5316,3.6738,52.4804,35.3868,80.8816,65.7163
E09000028,Southwark,295.2,25.811,20.5,7.6635,48.1548,60.4556,10792.5355,64.4853,39.5248,3.3286,37.2811,38.5745,114.5475,70.6376
E07000213,Spelthorne,422.6,14.943,11.8,7.6866,38.7939,58.3042,2309.5158,30.7823,25.1652,4.1629,57.133,53.3974,141.5959,103.2817
E07000240,St Albans,582.2,8.339,8.2,7.2414,39.0174,92.6383,921.4722,26.4593,24.409,2.4667,51.7475,53.71,203.8043,127.8409
E08000013,St. Helens,841.2,31.518,24.1,11.9902,34.6888,89.2295,1354.4856,6.3845,47.4982,3.3657,51.3506,77.6134,314.9276,171.1106
E07000197,Stafford,508.5,13.678,18.1,14.6584,30.5662,60.6152,231.7793,9.9703,21.7633,7.8895,48.1653,68.4648,166.6919,159.115
E07000198,Staffordshire Moorlands,554.8,15.04,18.8,17.1695,34.9556,64.0697,166.5442,3.4312,26.5792,2.9211,48.4532,78.1389,192.2091,169.144
E07000243,Stevenage,376.4,19.695,18.2,7.7571,32.2662,102.8037,3449.489,24.7022,33.0044,3.7957,51.3877,72.6645,214.9533,160.7477
E08000007,Stockport,924.0,20.826,18.0,10.1699,39.6034,101.37,2357.5006,16.6037,33.4961,2.9919,53.1033,91.3388,294.8946,200.897
E06000004,Stockton-on-Tees,769.3,25.79,25.6,9.1938,37.9324,119.0136,976.4257,9.6973,40.1688,4.6424,51.3657,105.7001,261.83,247.0723
E06000021,Stoke-on-Trent,702.3,34.504,39.7,21.325,35.3628,68.6085,2782.3221,21.4675,53.6459,5.6986,55.9967,95.3212,249.4854,212.9982
E07000221,Stratford-on-Avon,653.6,11.728,12.3,14.9066,40.4643,68.608,141.7096,9.943,19.5552,3.4237,51.3832,75.2778,221.0703,178.3809
E07000082,Stroud,662.3,10.797,14.5,10.0786,40.4447,88.0747,267.5627,7.6003,21.8555,3.7225,50.7627,74.0496,211.3792,183.1953
E08000024,Sunderland,742.0,30.586,29.1,10.9127,38.11,142.2172,2018.8593,7.1195,45.5542,4.0455,49.5981,80.4335,245.3246,177.0604
E07000214,Surrey Heath,645.8,8.066,9.4,6.7468,29.6577,74.9946,959.7552,22.0865,16.7151,1.217,52.3912,48.5513,203.5569,99.6357
E09000029,Sutton,551.4,13.987,11.4,7.9542,44.1474,54.5622,4795.8667,42.7553,26.1982,2.8441,49.6092,41.8423,159.4896,89.3981
E07000113,Swale,528.1,27.076,19.6,11.3212,31.1836,78.537,413.9876,11.3988,39.1555,4.92,56.2971,66.2942,179.5131,139.1226
E06000030,Swindon,627.6,18.622,18.0,7.8019,39.5073,89.7532,1024.11,25.7818,32.0466,3.2056,50.5749,86.4412,186.9858,186.2378
E08000008,Tameside,892.0,31.374,30.5,11.966,38.4867,121.1662,2256.469,17.6452,52.6506,4.5804,52.8277,87.4479,276.4105,195.0019
E07000199,Tamworth,540.4,21.061,22.3,12.6682,33.9477,101.5114,2581.7756,9.1538,37.2535,6.7739,50.5744,96.0187,169.1857,207.5344
E07000045,Teignbridge,918.8,15.893,18.2,10.0854,37.6,129.5784,201.8053,5.1018,22.0897,2.7759,47.1975,77.7947,276.434,176.2267
E06000020,Telford and Wrekin,352.8,24.988,27.1,14.5816,37.4729,121.8141,651.0201,17.0322,36.983,7.1575,51.8096,106.2372,267.054,260.9633
E07000076,Tendring,1064.1,30.484,22.5,12.6444,35.1026,87.5146,450.1594,6.5312,42.4323,5.3121,52.9897,93.3177,357.3512,223.1622
E07000093,Test Valley,465.0,11.931,11.3,8.7636,40.1932,92.2902,211.802,11.9646,17.9429,2.9428,53.8425,64.1468,149.0842,137.0155
E07000083,Tewkesbury,931.1,12.142,14.5,7.7798,41.8592,114.3947,234.1413,9.6504,15.2789,2.7202,56.5026,94.3212,295.5195,219.2564
E07000114,Thanet,570.5,31.314,26.3,14.0164,34.1266,117.2576,1357.8365,12.6565,39.9951,5.6965,51.6622,63.5832,193.1301,141.3988
E07000102,Three Rivers,426.7,9.871,9.3,7.8516,44.2697,83.8926,1060.4155,32.065,22.2411,2.4341,46.5304,56.9309,146.8121,122.693
E06000034,Thurrock,315.1,20.928,20.0,8.4204,37.9394,53.3355,1079.0296,33.8468,32.4172,6.2025,56.1382,35.1717,102.5683,64.4129
E07000115,Tonbridge and Malling,483.7,13.333,12.5,8.6343,39.5099,87.7785,556.6439,11.6548,25.1135,1.7898,51.4305,68.3833,135.0439,150.5739
E06000027,Torbay,980.3,28.104,24.2,11.3697,37.8186,114.7194,2216.9726,7.86,36.984,4.1351,44.2702,77.9523,300.0353,190.6107
E07000046,Torridge,793.8,23.269,25.2,12.3024,31.6012,110.5787,69.7985,3.8998,17.6071,2.0804,51.1179,77.7657,276.4467,182.4548
E09000030,Tower Hamlets,215.0,27.913,29.4,6.8588,49.1331,126.8967,16388.4602,77.0625,44.6245,4.0003,40.5415,90.1864,213.2945,181.1653
E08000009,Trafford,383.7,16.088,14.3,9.7682,43.4458,78.4375,2231.7713,27.8652,29.7451,4.008,48.0041,33.5624,109.8125,72.9469
E07000116,Tunbridge Wells,363.2,11.31,11.3,10.7666,39.9375,89.5182,350.6336,15.8328,22.7232,3.075,52.616,69.2022,105.7943,147.2982
E07000077,Uttlesford,421.6,9.258,9.1,9.4266,42.5677,51.6849,144.5375,11.055,17.1381,2.4038,54.0627,32.9077,144.7178,69.2578
E07000180,Vale of White Horse,923.7,8.358,9.7,8.6739,36.2768,84.5922,246.4223,16.8446,16.1388,2.2543,54.4458,67.9484,314.1994,154.0785
E08000036,Wakefield,661.0,27.306,26.6,13.6857,36.6589,126.8846,1056.361,11.8141,44.8201,5.4584,51.2723,76.5044,211.4743,167.9355
E08000030,Walsall,974.4,31.555,36.0,17.153,37.9391,112.6869,2753.2769,32.5886,46.2262,5.7921,58.6483,111.8924,338.0607,249.5602
E09000031,Waltham Forest,386.9,25.209,21.2,12.2339,45.9707,81.9542,7118.893,65.9634,27.8184,3.6468,59.3801,50.8035,129.5405,93.3221
E09000032,Wandsworth,307.9,16.611,14.4,6.9545,45.5529,74.0619,9614.0183,52.0471,22.1229,2.9351,40.482,46.6216,150.8668,89.9715
E06000007,Warrington,646.7,18.942,17.6,8.9821,35.5808,104.3445,1172.5889,11.8663,34.5641,4.7471,47.4746,68.625,208.6891,163.6312
E07000222,Warwick,608.0,12.005,10.3,12.96,37.6514,58.8851,534.6112,24.1157,23.0521,4.2121,45.734,77.687,196.2837,170.1125
E07000103,Watford,550.6,15.41,14.9,9.1196,40.2989,87.745,4809.43,54.2053,34.7011,5.0188,56.7727,69.6971,190.1141,138.1983
E07000216,Waverley,809.8,7.494,7.1,9.3417,35.9265,114.3641,377.5799,13.1878,19.958,2.1612,48.9174,67.1496,259.2254,150.1982
E07000065,Wealden,633.8,12.311,13.1,10.5841,37.3742,100.9965,195.7953,8.231,16.7324,2.7961,52.9618,65.9042,195.2599,138.7019
E07000241,Welwyn Hatfield,300.1,14.215,13.2,8.5463,40.8603,105.1367,929.5504,32.7789,32.5963,4.7874,45.6902,57.1429,187.7441,133.6738
E06000037,West Berkshire,769.2,9.952,11.0,8.5157,34.5554,74.2207,230.622,14.3653,19.702,3.9646,50.1924,51.38,235.0322,124.3196
E07000127,West Lancashire,889.0,18.645,22.0,11.4184,34.2986,108.8929,344.3369,7.1797,32.3962,3.3772,42.3375,98.0392,299.4555,230.49
E07000142,West Lindsey,887.3,20.355,22.9,12.9687,40.5017,82.4888,83.7471,5.4384,26.6207,2.7125,46.8,73.3656,294.6029,173.2265
E07000181,West Oxfordshire,1067.8,8.684,10.3,9.8384,35.4867,98.8142,163.7431,11.0124,18.923,2.2047,54.5141,67.6186,329.3808,155.6324
E07000245,West Suffolk,545.2,16.245,14.9,10.2158,34.9864,58.1903,176.2176,17.7895,22.5213,3.8447,53.6102,54.9729,174.5708,112.9861
E09000033,Westminster,76.7,20.339,14.4,8.7534,50.6367,125.2178,9776.4879,72.0109,22.6264,2.5875,33.9523,71.002,179.6603,124.6733
E08000010,Wigan,516.6,25.713,24.1,11.5722,37.0851,90.824,1774.8557,8.1504,50.508,5.1767,51.9161,53.1583,170.6391,115.319
E06000054,Wiltshire,758.6,13.447,14.6,9.4895,35.0992,109.0865,158.5415,9.9392,20.34,2.2957,50.6173,81.228,226.2535,186.2551
E07000094,Winchester,542.7,9.615,9.5,9.5864,38.548,78.9017,197.5844,11.8784,13.0657,4.2067,44.492,55.3681,165.6935,129.3988
E06000040,Windsor and Maidenhead,324.8,8.376,8.8,8.1727,38.4824,56.6965,788.1037,30.9543,19.8414,1.2355,47.8344,28.2956,88.1945,49.137
E08000015,Wirral,751.2,29.589,22.6,12.5908,38.4764,96.8205,2003.6576,7.5669,45.3211,4.2558,49.6076,81.2903,240.4897,182.7097
E07000217,Woking,547.8,10.804,11.8,7.5616,36.2368,66.368,1639.8804,32.7339,23.9932,1.8243,53.3544,55.1306,165.92,107.0184
E06000041,Wokingham,737.8,5.846,7.1,6.204,40.022,61.9323,1013.4323,27.2722,14.5244,2.6063,48.8405,49.0604,227.0851,122.8324
E08000031,Wolverhampton,586.9,32.102,35.7,18.7031,39.8928,80.6312,3857.7619,45.2815,46.0388,6.8762,61.3012,86.5827,204.4578,178.5406
E07000237,Worcester,417.8,20.414,23.0,13.9536,36.089,85.2919,3128.8578,17.3404,41.2649,7.0683,45.1433,56.6312,142.1531,113.7225
E07000229,Worthing,713.9,17.012,14.9,10.273,38.3257,119.2606,3444.7215,14.9594,25.6872,1.8539,45.1237,62.9951,228.5828,139.1373
E07000238,Wychavon,522.7,15.766,16.6,15.0114,34.9414,79.7448,202.7656,9.3917,23.2132,3.3143,50.1479,58.7702,175.4386,127.5917
E07000128,Wyre,950.2,20.858,19.6,11.4953,36.5481,104.5151,407.2994,4.2561,39.3224,5.3257,46.1713,100.1686,323.9967,244.5652
E07000239,Wyre Forest,519.2,22.437,24.2,15.8244,32.7958,65.8762,523.5585,7.5144,30.2725,5.9477,49.8835,54.4895,175.6697,115.2833
E06000014,York,1061.4,11.727,15.8,12.2667,38.058,119.6172,750.6,12.7505,28.2044,3.7478,30.9529,99.243,322.9665,241.0287
